Person 1,Person 2,Person 3,Person 4
135483.1271552,145045.935299861,161017.249457946,154858.602512427
120379.412519418,181865.880847753,216004.597936736,163063.701100287
121490.348981413,112945.023650831,156990.2601185,197793.269727536
163120.804446507,140658.225490215,132825.400305078,97861.5791860212
120501.070867512,133365.637504523,129192.733488665,119105.682217125
117191.039836925,186319.826514113,143866.281512204,140537.84017372
173088.643884626,138759.976203301,183283.227716064,119316.095716092
202199.098160289,214946.198364574,140024.290387432,150745.418641348
